,SUMLEV,REGION,DIVISION,STATE,COUNTY,STNAME,CTY,SCHOOL_GRADE,HEALTHCARE_COST,PERCENT_FOOD_INSECURE,CHILD_MORTALITY_RATE,MENTAL_DISTRESS,CHILDREN_UNINSURED,DISCONNECTED_YOUTH,DAILY_POLLUTION,WATER_VIOLATION,HOUSING_PROBLEMS,POPESTIMATE2016,AVG_NETMIG,POP_CHANGE,BIRTHS_PER_CAPITA,MEDIAN_HOUSEHOLD_INCOME,PERCENT_W_HEALTH_INSURANCE,PERCENTAGE_IN_POVERTY,PERCENT_WITH_KIDS,BACHELORS_DEGREE,MEDIAN_MORTAGE_PAYMENTS,MEDIAN_RENT_PAYMENT,2010_FAM_KIDS,2015_FAM_KIDS,CHANGE_IN_FAM_WITH_KIDS,INCOME_AS_PERCENT_OF_STATE,UNEMPLOYMENT,MORTGAGE_INCOME_RATIO,RENT_INCOME_RATIO,HEALTHCARE_INCOME_RATIO,DOCTORS,EXERCISE_ACCESS,FOOD_ENVIRONMENT_INDEX,CIVIC_ASSOCIATIONS,CRIME_RATE
2919,50,3,5,51,107,Virginia,"Loudoun County, Virginia",4,8272,4,30,8,5,7,10,0,12,385945,22.06190883,0.222951027,0.013227273,123453,92,2.6,46.3,58.2,2659,1668,38.3,39.6,0.033942559,190,3.2,46.42835653,74.01258993,14.92340833,5,89,10,239,85
268,50,4,8,8,35,Colorado,"Douglas County, Colorado",3.4,9521,9,25,8,3,7,7,0,11,328632,14.52413684,0.145143024,0.010507193,102964,95,3.1,41.7,56.6,2036,1399,37.5,34.6,-0.077333333,171.9,2.7,50.57170923,73.59828449,10.81413765,37,99,8.8,186,82
2564,50,3,6,47,187,Tennessee,"Williamson County, Tennessee",4,8545,8,26,11,4,9,10.2,1,12,219107,23.3109139,0.189874174,0.010209624,96565,94.6,4.2,40.5,55.7,1971,1181,35.8,34.5,-0.036312849,220.9,3.5,48.99289701,81.76545301,11.30103841,47,67,8.9,255,130
740,50,2,3,18,57,Indiana,"Hamilton County, Indiana",4,9303,9,28,9,5,8,11.8,0,9,316373,14.06287091,0.144193734,0.012134411,86222,93.4,3.5,40.5,55.9,1566,1016,34.4,33.1,-0.037790698,181.8,3.2,55.0587484,84.86417323,9.268173131,57,91,8.6,287,37
2099,50,2,3,39,41,Ohio,"Delaware County, Ohio",3.8,9350,9,26,10,4,7,11.9,0,11,196463,12.49713759,0.121697079,0.011350738,91955,95.6,3.1,40.1,51.8,1962,953,35.1,33.1,-0.056980057,191.2,3.5,46.86799185,96.49003148,9.83468573,56,89,8.9,169,81
455,50,3,5,13,117,Georgia,"Forsyth County, Georgia",3.8,10233,7,28,9,6,11,10.4,0,13,221009,29.98607014,0.250263054,0.01035252,88816,88.6,5,45.3,45.6,1774,1172,38.4,39,0.015625,191.1,4.2,50.06538895,75.78156997,8.67957423,6,81,9.2,133,69
2895,50,3,5,51,59,Virginia,"Fairfax County, Virginia",4,7799,6,33,8,6,7,8.8,1,15,1138652,-1.007591933,0.047742524,0.012556953,112552,89.1,4,34.8,59.9,2517,1747,28.1,28.6,0.017793594,170.3,3.2,44.71672626,64.42587293,14.43133474,36,100,9.6,936,89
1226,50,3,5,24,27,Maryland,"Howard County, Maryland",3.8,8563,8,32,9,3,8,10.7,1,13,317233,9.616335839,0.098931667,0.011294537,110238,94,3.8,37.1,60.6,2470,1579,30.8,29.4,-0.045454545,145.4,3.2,44.63076923,69.81507283,12.87428541,17,98,9.2,276,200
1407,50,2,4,27,139,Minnesota,"Scott County, Minnesota",3.8,8093,6,24,8,3,8,10.7,0,11,143680,6.387718709,0.100844328,0.012764477,87794,94.4,4.2,40.4,38.2,1829,1024,37,33,-0.108108108,146.4,3.3,48.00109349,85.73632813,10.84878382,39,95,9.3,103,100
2873,50,3,5,51,13,Virginia,"Arlington County, Virginia",4,7469,8,42,9,5,7,10.1,1,15,230050,5.823781665,0.098358073,0.013592697,105763,90.3,6.1,20.2,72.9,2723,1827,14.4,16.3,0.131944444,157.5,2.6,38.84061697,57.88888889,14.1594662,36,100,9.2,303,146
1890,50,1,2,36,59,New York,"Nassau County, New York",4,10155,6,28,10,3,9,9.6,0,23,1361500,0.417858551,0.014622034,0.010520749,99465,92.5,4.4,33.2,42.8,3069,1578,29,27.1,-0.065517241,167,3.9,32.40957967,63.03231939,9.794537747,2263,99,9.6,1043,163
950,50,2,4,20,91,Kansas,"Johnson County, Kansas",4,9732,12,36,8,4,7,10.2,1,12,584451,4.642621355,0.070783927,0.01255195,76113,92.8,4,33.7,52.8,1655,947,27,26.1,-0.033333333,154.3,3.3,45.9897281,80.37275607,7.821165329,4,99,8.2,505,142
1228,50,3,5,24,31,Maryland,"Montgomery County, Maryland",4,8492,7,38,9,3,8,10.9,1,17,1043863,4.199068686,0.069180116,0.01254954,99435,89.7,4.6,33.6,57.9,2440,1627,26.1,25.5,-0.022988506,129.7,3.3,40.75204918,61.11555009,11.70909031,474,100,9.4,907,177
1758,50,2,4,31,153,Nebraska,"Sarpy County, Nebraska",3.8,8822,11,39,8,4,6,10.7,0,10,179023,8.696127312,0.120567598,0.014528859,70543,93.4,4.8,37.9,36.7,1474,868,30.2,28.4,-0.059602649,134.1,3,47.85820896,81.27073733,7.99618684,9,95,8.1,123,64
2609,50,3,7,48,85,Texas,"Collin County, Texas",4,11176,16,31,9,8,9,10.8,0,14,939585,20.54700675,0.191246556,0.01175519,84735,87.1,5.7,40.3,49.8,1884,1119,33.2,32.1,-0.03313253,156,3.5,44.97611465,75.72386059,7.581770109,1,95,7.4,553,154
1247,50,1,1,25,17,Massachusetts,"Middlesex County, Massachusetts",4,9121,9,29,10,1,7,9.6,0,17,1589774,5.084997125,0.054777261,0.011065724,85118,96.7,5.6,29.4,52,2377,1341,23.6,23.3,-0.012711864,127.4,3,35.80900294,63.47352722,9.332193095,6,97,8.8,1478,207
2939,50,3,5,51,153,Virginia,"Prince William County, Virginia",3.6,8387,7,39,9,7,11,9.7,1,15,455210,7.43929624,0.12014469,0.014922783,98657,87.2,4.9,42.3,38.8,2215,1547,32.7,32.8,0.003058104,149.7,3.6,44.54040632,63.77310924,11.76241255,16,91,9.2,271,163
1419,50,2,4,27,163,Minnesota,"Washington County, Minnesota",4,7802,7,31,8,3,8,10.9,0,12,253117,3.703733066,0.059102397,0.01112529,83706,95.4,4,35.5,41.6,1730,1144,28.8,26.6,-0.076388889,139.2,3.4,48.3849711,73.16958042,10.72871873,4,95,8.9,200,77
1249,50,1,1,25,21,Massachusetts,"Norfolk County, Massachusetts",4,9519,9,28,10,1,7,9.5,0,16,697181,3.896914738,0.035767026,0.010439183,88262,97.8,4.3,29.8,50.6,2360,1332,25.2,24.1,-0.043650794,131.9,3.2,37.39915254,66.26276276,9.272591844,321,96,8.8,682,193
1392,50,2,4,27,109,Minnesota,"Olmsted County, Minnesota",3.8,6668,9,33,8,3,8,10.2,1,11,153102,1.292965885,0.059331474,0.014265,68023,94.2,5.3,31.5,41.3,1415,827,25.2,23,-0.087301587,110.4,3,48.07279152,82.25272068,10.20202172,29,96,8.7,185,163
2827,50,4,8,49,11,Utah,"Davis County, Utah",3.4,8638,12,40,10,7,11,8.7,0,11,342281,4.431776649,0.111381332,0.017123358,71112,91.4,6.2,43.9,34.8,1482,913,38.6,36,-0.067357513,114.8,3.1,47.98380567,77.88828039,8.232242022,8,95,8,79,106
2645,50,3,7,48,157,Texas,"Fort Bend County, Texas",4,10706,15,33,9,9,12,11.4,0,15,741237,28.152993,0.255412553,0.013315579,89152,85.1,6.5,43.2,43.7,1843,1211,36.7,34.3,-0.065395095,170.9,5,48.3733044,73.61849711,8.327378667,4,94,7,325,262
233,50,4,9,6,85,California,"Santa Clara County, California",3.8,7797,11,28,9,4,11,8.8,0,24,1919402,4.693052913,0.074310003,0.012417409,96310,90.9,6.4,35.1,47.9,2943,1705,27.9,28.2,0.010752688,158.5,3.8,32.72511043,56.48680352,12.35245606,269,98,8.5,1052,254
2952,50,3,5,51,179,Virginia,"Stafford County, Virginia",3.8,9747,8,42,9,5,12,9,1,12,144361,9.757665231,0.111794832,0.012025409,97144,91.6,3.6,42,36.8,2101,1445,34.2,32.1,-0.061403509,144.4,3.9,46.23702999,67.22768166,9.966073248,1,81,9,87,152
2015,50,3,5,37,183,North Carolina,"Wake County, North Carolina",4,8671,14,42,10,5,9,9.8,0,15,1046791,15.65414726,0.154189486,0.012308092,67309,88.4,7.9,35,49,1533,948,26.1,25.6,-0.019157088,147.5,4.2,43.90671885,71.00105485,7.762685046,2,91,7.6,979,245
1423,50,2,4,27,171,Minnesota,"Wright County, Minnesota",3.8,8288,7,37,8,3,8,10.6,1,11,132550,0.970220709,0.059281399,0.013157299,73557,94.5,4.2,39.1,27.3,1570,899,31.3,29.7,-0.051118211,120.4,3.9,46.85159236,81.82091212,8.87461739,7,81,9.2,130,64
1818,50,1,2,34,27,New Jersey,"Morris County, New Jersey",4,9586,7,24,9,4,7,9.3,0,17,498423,0.310132185,0.011260507,0.009172931,100214,92.5,3,32.7,51,2792,1357,29.9,27.4,-0.08361204,140.7,3.9,35.89326648,73.84966839,10.45422586,274,96,9.2,507,65
2812,50,3,7,48,491,Texas,"Williamson County, Texas",4,9978,15,34,9,9,11,9.8,0,13,528718,26.65771347,0.239914168,0.012518961,73750,87.5,5.4,37.6,39.3,1622,1072,31.5,28.8,-0.085714286,141.1,3.3,45.46855734,68.79664179,7.391431151,18,94,7.2,305,147
2962,50,3,5,51,510,Virginia,"Alexandria city, Virginia",3.8,8329,11,63,10,7,10,10,,15,155810,3.325178209,0.106023823,0.018124639,89134,85.7,6.2,21.3,61.4,2522,1555,12.4,14.7,0.185483871,134.6,2.9,35.34258525,57.32090032,10.70152922,7,100,8.7,349,176
3017,50,4,9,53,33,Washington,"King County, Washington",3.8,7678,13,36,9,4,11,8.8,0,19,2149970,11.29028338,0.109498159,0.012049005,75302,90.3,7,27.2,47.9,2196,1204,20.7,20.5,-0.009661836,127.7,3.9,34.29052823,62.54318937,9.806965496,168,98,7.9,1924,332
3163,50,2,3,55,131,Wisconsin,"Washington County, Wisconsin",3.8,8437,9,25,9,3,7,10.1,0,12,134296,0.582071354,0.01742477,0.00995562,69237,95.3,3.6,30.4,28.9,1605,829,25,23.5,-0.06,127.2,3.5,43.13831776,83.51869723,8.206216799,551,85,8.9,140,78
655,50,2,3,17,93,Illinois,"Kendall County, Illinois",3.8,9948,7,38,9,3,10,11.5,0,13,124695,3.368490742,0.08070513,0.012871406,84385,94.9,4,42.2,34.8,1965,1305,36.9,35.1,-0.048780488,149,5.2,42.94402036,64.66283525,8.48275453,35,93,9.2,63,104
3164,50,2,3,55,133,Wisconsin,"Waukesha County, Wisconsin",4,8712,8,31,9,3,6,10.7,0,12,398424,1.994048455,0.021382629,0.009414593,76545,95.7,3.5,29.2,41.2,1768,933,26.8,23.8,-0.111940299,141.5,3.6,43.29468326,82.04180064,8.785925073,31,93,8.7,430,70
2627,50,3,7,48,121,Texas,"Denton County, Texas",4,11662,16,34,9,9,8,10.9,0,14,806180,22.27605767,0.209144249,0.012593962,75050,85.7,5.8,38.1,41.3,1767,991,30.3,29,-0.04290429,136.3,3.4,42.47311828,75.73158426,6.435376133,9,96,7.1,445,171
231,50,4,9,6,81,California,"San Mateo County, California",3.8,7226,10,25,9,5,10,8.1,0,24,764797,4.622516754,0.062313959,0.012024106,93623,91.2,4.8,30.4,45.6,3090,1728,24.7,24.1,-0.024291498,156.8,3,30.2987055,54.17997685,12.95662258,350,100,8.7,450,228
1822,50,1,2,34,35,New Jersey,"Somerset County, New Jersey",4,9332,7,26,9,4,8,9.8,1,19,333751,1.565286197,0.029593593,0.009689859,100667,92,3.6,35,52.5,2659,1411,31.6,29,-0.082278481,136.9,4.1,37.85896954,71.34443657,10.7875338,69,94,9.1,318,66
2328,50,1,2,42,91,Pennsylvania,"Montgomery County, Pennsylvania",4,9589,10,34,10,4,9,10,0,15,821725,2.331818284,0.025730485,0.010699443,80675,94.2,4.3,30,46.9,2011,1158,24.5,23.5,-0.040816327,149.5,4.2,40.11685728,69.66753022,8.412864931,87,95,8.5,901,163
1356,50,2,4,27,37,Minnesota,"Dakota County, Minnesota",4,8326,8,40,8,3,8,11.2,0,13,417486,0.27420534,0.045709691,0.012517785,75567,93.9,5.1,33.2,40.3,1650,971,27,24.1,-0.107407407,122.2,3.4,45.79818182,77.82389289,9.076212221,6,97,8.8,344,125
1600,50,2,4,29,183,Missouri,"St. Charles County, Missouri",4,10160,11,35,11,5,8,11.7,0,10,390918,7.205549367,0.080361486,0.011608573,72415,93.1,4.6,33.5,35.5,1487,931,28.2,25.9,-0.081560284,147.4,3.5,48.69872226,77.78195489,7.127558844,5,89,8.1,252,130
2161,50,2,3,39,165,Ohio,"Warren County, Ohio",4,10233,11,30,10,4,13,12.1,1,11,227063,6.30984023,0.063372531,0.010384783,74379,94.3,3.9,35.1,39.6,1580,923,30.6,28.4,-0.071895425,159.3,4.1,47.07531646,80.58396533,7.268429302,44,86,8.2,193,72
1814,50,1,2,34,19,New Jersey,"Hunterdon County, New Jersey",4,8753,6,18,9,3,15,10.1,0,17,124676,-3.67575981,-0.021051061,0.007387147,105444,95.5,2.9,31.3,48.7,2629,1328,29.7,25.6,-0.138047138,142.1,3.8,40.10802587,79.40060241,12.04607586,386,91,9.4,131,40
118,50,3,7,5,7,Arkansas,"Benton County, Arkansas",4,9231,13,46,12,6,14,10,0,12,258291,17.15388075,0.160514185,0.014050044,56239,87,8.9,35.9,30.2,1179,796,26.3,28.3,0.076045627,143.4,2.9,47.70059372,70.65201005,6.092551225,28,83,7.6,217,244
2846,50,4,8,49,49,Utah,"Utah County, Utah",3.4,9171,14,46,10,9,9,8.7,0,18,592299,3.710916008,0.138778123,0.020533548,62180,88.2,10.1,47.6,37.3,1475,900,41.5,41.5,0,103.9,3,42.1559322,69.08888889,6.780171107,15,85,7.3,110,74
1215,50,3,5,24,3,Maryland,"Anne Arundel County, Maryland",3.8,8894,8,51,9,3,13,10.5,1,15,568346,3.934285625,0.053839165,0.012281251,89860,93.6,3.8,30.6,38.3,2051,1497,23.4,22.8,-0.025641026,119.8,3.7,43.81277426,60.02672011,10.10295207,850,93,8.9,470,460
1906,50,1,2,36,91,New York,"Saratoga County, New York",3.8,7967,9,30,10,2,7,8.7,0,12,227053,3.203651904,0.031618309,0.009913985,71496,95.1,4.4,27.3,39,1691,993,23.2,20.5,-0.11637931,123.4,3.8,42.28030751,72,8.974502201,118,87,8.7,176,80
384,50,3,5,12,109,Florida,"St. Johns County, Florida",4,10150,13,38,11,7,10,7.6,0,18,235087,31.88576995,0.229110244,0.009353984,66194,89.3,6.5,29.5,42.1,1756,1119,23,22.7,-0.013043478,145.5,3.7,37.69589977,59.15460232,6.52189763,118,94,7.7,141,271
881,50,2,4,19,153,Iowa,"Polk County, Iowa",3.6,7712,13,53,10,3,10,9.3,0,14,474045,7.462082286,0.096610546,0.014736998,60061,93,9.2,32,35.8,1342,799,22.7,22.2,-0.022026432,110.2,3.5,44.75484352,75.17021277,7.787841263,48,92,7.7,579,326
743,50,2,3,18,63,Indiana,"Hendricks County, Indiana",4,9537,11,37,10,6,13,11.5,0,9,160610,10.90399702,0.10109417,0.011113878,70163,91.8,3.3,36.5,33.4,1333,958,30.6,28.2,-0.078431373,145.5,3.5,52.63540885,73.23903967,7.357172517,21,77,8.2,135,169
2908,50,3,5,51,85,Virginia,"Hanover County, Virginia",4,9431,8,38,9,5,6,9.3,1,11,104392,6.192879814,0.04455718,0.0092919,78645,94.1,4,31.4,35.7,1667,1044,29.7,25.4,-0.144781145,123.6,3.5,47.17756449,75.33045977,8.338555202,319,78,9.1,140,121
3109,50,2,3,55,25,Wisconsin,"Dane County, Wisconsin",4,7353,12,38,10,4,5,9.5,1,17,531273,7.53017602,0.08602588,0.011756667,62865,94,6.5,26.6,47.9,1717,923,20.5,18.8,-0.082926829,117.6,2.9,36.61327897,68.10942579,8.549920437,40,95,8,651,231
2297,50,1,2,42,29,Pennsylvania,"Chester County, Pennsylvania",4,9709,9,33,10,6,7,11.4,0,15,516312,2.058493873,0.03270042,0.010722199,85976,92.7,4.4,31.9,49.1,2191,1197,28.3,26,-0.081272085,162.6,3.9,39.24052944,71.82623225,8.855243304,19,87,8.5,503,144
2033,50,2,4,38,17,North Dakota,"Cass County, North Dakota",3.6,8422,10,49,9,6,6,9,1,14,175249,16.02998086,0.166242979,0.015098517,53289,91.6,6.5,27.3,36.8,1400,712,19.6,19.2,-0.020408163,90.7,2.3,38.06357143,74.84410112,6.327710048,2,81,8.6,186,307
861,50,2,4,19,113,Iowa,"Linn County, Iowa",3.6,8419,12,46,10,2,8,9.5,0,10,221661,2.88045457,0.047141467,0.012699573,59322,93.8,6.3,28.9,31.5,1270,695,21.4,20.3,-0.051401869,106,3.7,46.71023622,85.35539568,7.045953939,1,87,7.9,260,214
256,50,4,8,8,13,Colorado,"Boulder County, Colorado",4,8344,13,30,9,5,5,8,0,20,322226,10.01422403,0.088663876,0.009034032,70961,91.3,6.4,27,58.9,1824,1187,21.6,20.4,-0.055555556,113.2,2.7,38.90405702,59.78180286,8.504485286,65,98,7.9,300,210
1300,50,2,3,26,93,Michigan,"Livingston County, Michigan",3.8,9852,9,35,9,3,10,10.2,0,12,188624,4.611373898,0.04196036,0.009532191,75204,93.3,4.1,31.4,33.6,1559,917,29.2,24.5,-0.160958904,150.7,4.2,48.2386145,82.01090513,7.633443667,8,87,8.6,142,101
1246,50,1,1,25,15,Massachusetts,"Hampshire County, Massachusetts",3.6,7992,11,29,12,2,3,8.5,0,17,161816,3.443318914,0.015947161,0.006525931,61368,96.8,6.2,23.5,44.2,1694,965,18.4,16.2,-0.119565217,86.1,3.3,36.22668241,63.59378238,7.678227131,2003,86,8.1,149,249
433,50,3,5,13,73,Georgia,"Columbia County, Georgia",3.8,8760,11,50,10,6,16,10.9,0,11,147450,20.94395104,0.17973213,0.011597152,71021,90,7,36.2,35.3,1375,1094,29.9,27.6,-0.076923077,146.9,4.7,51.65163636,64.91864717,8.107234995,9,71,8.4,100,53
211,50,4,9,6,41,California,"Marin County, California",4,7585,12,28,10,5,11,7.6,0,24,260651,3.586303711,0.030461047,0.008854752,93257,92.5,4.9,28.7,55.8,3273,1678,21.3,21.8,0.023474178,154.9,3.2,28.49282004,55.57628129,12.29492419,6,96,8.3,217,185
1250,50,1,1,25,23,Massachusetts,"Plymouth County, Massachusetts",3.4,9742,10,25,12,1,11,8.7,0,17,513565,4.09422592,0.03544462,0.010156455,75459,96.7,5.9,30.8,34.4,2114,1132,25,22.3,-0.108,105.8,3.9,35.6948912,66.65989399,7.746034288,1157,86,8.3,412,404
2868,50,3,5,51,3,Virginia,"Albemarle County, Virginia",4,7685,10,31,10,6,7,8.6,0,14,106878,8.766231941,0.076964933,0.009861711,68449,91.9,6.8,27.5,51.7,1708,1117,21.3,22,0.03286385,107.6,3.5,40.07552693,61.27931961,8.906761951,10,74,8.6,111,113
856,50,2,4,19,103,Iowa,"Johnson County, Iowa",3.8,7036,14,33,10,4,4,9.7,0,19,146547,10.0502142,0.116182889,0.012282749,55700,92.6,6.8,26,51.3,1443,870,19.2,18.7,-0.026041667,105.2,2.6,38.6001386,64.02298851,7.915946012,9,90,7.6,132,267
59,50,3,6,1,117,Alabama,"Shelby County, Alabama",4,9866,11,48,11,4,8,11.4,0,11,210622,6.618589309,0.074311538,0.011318856,70187,91.1,5.6,32.3,40.8,1435,944,28.5,25.9,-0.09122807,158.1,4.4,48.91080139,74.35063559,7.114229879,6,73,8.4,222,180
630,50,2,3,17,43,Illinois,"DuPage County, Illinois",4,9720,8,32,9,4,8,12.2,1,16,929368,-2.663679195,0.012224662,0.011386232,79658,91.7,5.2,32,46.7,2046,1143,28.2,25.9,-0.081560284,137,4.8,38.93352884,69.6920385,8.195452984,5,99,8.9,837,86
2176,50,3,7,40,17,Oklahoma,"Canadian County, Oklahoma",3.6,9787,12,55,11,8,11,9.8,0,10,136532,19.78009466,0.173640959,0.013220344,64505,89.6,5.2,35.7,25.5,1327,886,27,26.2,-0.02962963,130.2,4,48.60964582,72.80474041,6.590912806,30,81,7.8,94,444
1339,50,2,4,27,3,Minnesota,"Anoka County, Minnesota",3.4,8543,8,32,9,3,10,10.9,0,13,345957,0.553497808,0.043705313,0.012085317,70873,93.7,5.5,32.7,27.8,1538,971,26.9,24.1,-0.104089219,115.5,3.8,46.08127438,72.98970134,8.296362023,31,95,8.5,240,133
1223,50,3,5,24,21,Maryland,"Frederick County, Maryland",4,9491,7,34,10,3,9,11,0,14,247591,4.603136079,0.057168598,0.011369557,83700,93.2,4.7,33.1,39.1,1978,1285,28.4,25,-0.11971831,110.5,3.7,42.31547017,65.13618677,8.819001841,16,94,9.2,262,254
2013,50,3,5,37,179,North Carolina,"Union County, North Carolina",4,8868,11,37,10,6,12,10.4,1,13,226606,13.55936294,0.120890753,0.010630786,65903,88.1,7.9,41.2,33.4,1447,868,33.9,32.3,-0.04719764,149.7,4.3,45.54457498,75.92511521,7.431534886,18,68,8.3,171,211
280,50,4,8,8,59,Colorado,"Jefferson County, Colorado",3.8,8717,12,30,9,4,11,8.2,0,15,571837,7.795911816,0.067027295,0.010459274,70164,90.6,5.5,27.1,41.6,1670,1052,21.5,19.3,-0.102325581,111.4,3,42.01437126,66.69581749,8.04899789,1,100,8.1,430,223
1018,50,3,6,21,15,Kentucky,"Boone County, Kentucky",3.8,10823,11,42,11,4,11,11.4,1,13,128536,5.511923289,0.076858632,0.013225867,66730,92.1,6.6,36.7,30.8,1381,905,28.8,26.8,-0.069444444,152.3,3.8,48.32005793,73.73480663,6.1656018,12,77,8.1,95,137
1323,50,2,3,26,139,Michigan,"Ottawa County, Michigan",4,8807,10,43,10,4,8,10.2,1,14,282250,5.14996522,0.068554035,0.012099203,58989,93.4,6.1,33.7,31.1,1260,792,28.6,26.4,-0.076923077,120.3,3.2,46.81666667,74.48106061,6.698347811,3,83,8,333,203
1231,50,3,5,24,37,Maryland,"St. Mary's County, Maryland",3.6,9449,9,43,10,3,11,8.5,0,13,112587,3.967946196,0.064632347,0.013136508,86987,93.6,6.1,34.2,30.6,1932,1263,27.7,26,-0.061371841,109.7,4.1,45.02432712,68.8733175,9.205538541,8,69,8.8,76,231
3141,50,2,3,55,87,Wisconsin,"Outagamie County, Wisconsin",3.6,8022,10,43,9,4,8,8.9,1,12,184526,1.554491003,0.042955812,0.012437272,58765,93.8,6.1,30.7,27.7,1363,735,24.8,22.2,-0.10483871,109,3.6,43.11445341,79.95238095,7.325196857,122,85,8.6,196,146
1364,50,2,4,27,53,Minnesota,"Hennepin County, Minnesota",3.8,7948,12,47,9,4,9,11.7,0,17,1232483,4.260412673,0.067653339,0.013579903,65834,92.2,8.1,26.9,47,1706,951,19.4,18.8,-0.030927835,108.6,3.4,38.58968347,69.22607781,8.283329789,13,99,8,1312,424
2279,50,4,9,41,67,Oregon,"Washington County, Oregon",3.6,7567,12,36,11,5,13,9.3,0,18,582779,7.878494824,0.096145671,0.012321995,66754,88.7,8.6,33.2,40.7,1795,1055,25.4,24.9,-0.019685039,130.2,4.2,37.18885794,63.27393365,8.821341213,0,97,8.2,409,149
1334,50,2,3,26,161,Michigan,"Washtenaw County, Michigan",4,9156,14,40,11,3,5,10.5,0,18,364709,4.610919721,0.055389967,0.010169752,61003,93.8,8,25.4,52.6,1696,953,20.3,18.6,-0.083743842,122.2,3.4,35.96875,64.0115425,6.662829357,1164,92,7.3,371,299
1801,50,1,1,33,15,New Hampshire,"Rockingham County, New Hampshire",3.8,8757,9,32,10,4,8,8.7,0,16,303251,3.19614423,0.026789554,0.008830968,81198,92.7,3.5,29.5,38.8,2114,1123,25.8,22.4,-0.131782946,124.4,3,38.40964995,72.30454141,9.272215897,94,86,8.6,276,126
2855,50,1,1,50,7,Vermont,"Chittenden County, Vermont",4,7303,13,41,10,2,5,8,0,17,161531,1.476224708,0.030139345,0.009874266,65350,95.4,6,25.5,48.7,1766,1102,20.3,18.5,-0.088669951,118,2.5,37.00453001,59.30127042,8.948095569,2,90,8,201,118
318,50,1,1,9,7,Connecticut,"Middlesex County, Connecticut",3.8,9091,11,29,10,3,8,8.5,0,15,163329,-1.626740039,-0.013898364,0.008302261,79893,94.4,4.3,25.8,40.6,2067,1095,22.5,19.4,-0.137777778,116.2,4.4,38.65166909,72.96164384,8.788219454,787,92,8.2,166,114
3031,50,4,9,53,61,Washington,"Snohomish County, Washington",3.6,7738,12,33,10,5,13,9.1,1,18,787620,9.909055468,0.100761261,0.012356212,70722,89.3,6.8,31.2,29.9,1947,1153,24.3,22.8,-0.061728395,118.7,4.4,36.32357473,61.33738075,9.139783557,439,95,8.1,571,191
1219,50,3,5,24,13,Maryland,"Carroll County, Maryland",4,9177,6,34,9,3,9,11.1,0,13,167656,-0.615325464,0.002667305,0.009889297,85385,95.3,3.4,31.4,33.1,2020,1079,28.6,24.3,-0.15034965,111.5,3.5,42.26980198,79.1334569,9.304107057,45,90,9.2,159,202
1225,50,3,5,24,25,Maryland,"Harford County, Maryland",4,9573,9,37,10,3,11,10.9,0,13,251032,1.021033346,0.023617681,0.010767552,80465,95,6.2,31.1,33.8,1840,1152,26,22.5,-0.134615385,102.9,4.1,43.73097826,69.84809028,8.405779842,608,94,8.8,197,263
1806,50,1,2,34,3,New Jersey,"Bergen County, New Jersey",4,10637,9,23,9,6,10,10,0,23,939151,3.81249108,0.035676004,0.009943023,85806,88.9,5.8,31.9,46.9,2930,1348,26.9,25.5,-0.05204461,122.4,4.2,29.28532423,63.65430267,8.067043917,381,99,9,898,89
2452,50,2,4,46,99,South Dakota,"Minnehaha County, South Dakota",3.6,8298,12,60,8,5,7,9.4,0,12,187318,7.197303852,0.101287554,0.015876744,53525,90.6,8.5,30.5,29.4,1231,713,22,20,-0.090909091,104.4,2.4,43.48090983,75.07012623,6.450691529,3,88,7.9,270,350
2130,50,2,3,39,103,Ohio,"Medina County, Ohio",3.8,9931,11,39,10,5,8,11.7,0,11,177221,1.914867236,0.027112082,0.010540512,66952,93.1,5.2,30.9,30.8,1450,824,27.3,23.7,-0.131868132,138.2,4.3,46.1737931,81.25242718,6.741928305,4,94,8.3,159,50
1134,50,3,7,22,5,Louisiana,"Ascension Parish, Louisiana",4,10922,11,62,12,4,17,10.7,0,13,121587,11.38377508,0.127360896,0.014516355,70551,88.7,9.7,38.2,26,1287,882,29.5,25.7,-0.128813559,163.3,4.9,54.81818182,79.98979592,6.459602193,4,85,7.5,65,261
752,50,2,3,18,81,Indiana,"Johnson County, Indiana",3.6,8984,12,45,11,6,11,11.6,1,12,151982,8.955238129,0.083411153,0.011981682,62147,90.3,7.7,33.9,28.5,1236,849,25.6,24.7,-0.03515625,135.1,3.6,50.28074434,73.20023557,6.917774139,31,87,7.8,136,256
285,50,4,8,8,69,Colorado,"Larimer County, Colorado",3.8,7982,14,35,10,5,8,7.8,0,18,339993,15.48447768,0.131337701,0.010561982,59805,90.3,6.4,26.6,44.3,1537,1035,21,19.4,-0.076190476,101.5,2.8,38.9102147,57.7826087,7.492586342,9,92,7.5,289,208
315,50,1,1,9,1,Connecticut,"Fairfield County, Connecticut",3.8,9185,11,32,10,5,10,9.5,0,23,944177,0.842095486,0.026558304,0.010644191,84233,89.2,6.4,32.8,45.8,2698,1348,26.8,24.4,-0.089552239,121,4.8,31.22053373,62.48738872,9.171002677,842,97,8.4,863,264
425,50,3,5,13,57,Georgia,"Cherokee County, Georgia",4,9847,9,30,10,7,13,10.5,0,15,241689,12.48656716,0.123111024,0.011432047,68926,85.8,8.5,36.7,34.7,1508,1010,31.4,27.8,-0.114649682,146.2,4.2,45.70689655,68.24356436,6.99990149,84,80,8.4,163,84
2671,50,3,7,48,209,Texas,"Hays County, Texas",3.6,10032,15,33,11,11,9,9.5,0,23,204470,34.24334705,0.292142997,0.012485939,58583,84.5,9.6,32.5,36.1,1576,973,24.4,24.3,-0.004098361,109.8,3.3,37.17195431,60.20863309,5.839677269,4,94,7.2,124,249
564,50,4,8,16,1,Idaho,"Ada County, Idaho",3.6,7928,14,37,10,6,12,9.7,0,16,444028,13.87597034,0.128455359,0.011546569,56356,88.9,8.1,31.4,37.1,1321,856,25.2,23.1,-0.083333333,120.9,3.3,42.66161998,65.8364486,7.108799088,2,92,7.6,344,222
1816,50,1,2,34,23,New Jersey,"Middlesex County, New Jersey",3.8,10127,10,30,9,5,11,9.6,1,21,837073,0.734116428,0.031857835,0.011237968,79593,88.5,6.4,34.3,41,2393,1299,27.6,26.3,-0.047101449,108.2,4.4,33.26076055,61.27251732,7.859663051,711,96,8.6,565,159
2291,50,1,2,42,17,Pennsylvania,"Bucks County, Pennsylvania",4,10107,9,32,10,4,9,10.7,0,15,626399,-0.134679569,0.001376415,0.009576963,77568,94.1,4.2,28.6,37.4,2070,1137,25.4,22.6,-0.11023622,144.6,4.6,37.47246377,68.22163588,7.674559421,116,95,8.6,480,100
1316,50,2,3,26,125,Michigan,"Oakland County, Michigan",3.8,11287,14,43,10,4,11,10.6,0,16,1243970,3.210923552,0.034099505,0.010841097,67465,91.9,7.4,28.5,44.4,1612,942,22.9,21.1,-0.07860262,137.4,4.2,41.85173697,71.61889597,5.977389317,14,94,7.7,999,195
197,50,4,9,6,13,California,"Contra Costa County, California",3.6,8289,13,30,10,4,14,7.7,1,23,1135127,8.115555295,0.078121334,0.011263057,80185,90.2,7.8,33.3,39.6,2461,1426,25.6,25,-0.0234375,128.8,4.4,32.58228362,56.23071529,9.673780598,22,96,8.1,608,366
1470,50,3,6,28,89,Mississippi,"Madison County, Mississippi",4,9373,17,53,11,5,13,10.2,0,16,105114,12.65396889,0.099668365,0.012805145,64376,91.3,9.8,32.6,46,1474,898,23.2,21.4,-0.077586207,166.1,4.3,43.6743555,71.68819599,6.868495036,11,75,6.7,141,134
2565,50,3,6,47,189,Tennessee,"Wilson County, Tennessee",3.8,10927,11,33,12,5,11,10.5,1,13,132781,20.38715643,0.157930078,0.011364578,61070,90.1,7.8,31.7,28.3,1423,871,26.6,23.5,-0.116541353,138.4,3.9,42.91637386,70.11481056,5.588826374,25,77,8.1,128,313
2824,50,4,8,49,5,Utah,"Cache County, Utah",3.6,8317,15,42,11,8,6,7.6,0,16,122753,-2.899073834,0.082812155,0.019510725,50497,90,10.8,37.7,36.1,1260,686,36.1,32.3,-0.105263158,82.5,3.1,40.07698413,73.61078717,6.071803036,10,84,6.9,36,56
252,50,4,8,8,5,Colorado,"Arapahoe County, Colorado",3.8,9226,14,41,10,6,13,8.1,1,18,637068,10.04564026,0.108358778,0.012537123,63265,86.9,8.1,32.1,40.1,1613,1077,22.4,22.2,-0.008928571,104.9,3.1,39.22194668,58.74187558,6.856968822,11,99,7.7,477,298
2545,50,3,6,47,149,Tennessee,"Rutherford County, Tennessee",3.8,9513,14,45,13,5,10,10.4,1,15,308251,17.85746288,0.168608971,0.013355999,56219,87.9,8.2,34.5,30.1,1268,890,25.1,25,-0.003984064,127,3.8,44.33675079,63.16741573,5.9099448,10,75,7.5,208,437
2887,50,3,5,51,41,Virginia,"Chesterfield County, Virginia",3.8,9063,10,41,10,6,11,9.3,1,12,339009,6.012951959,0.068276497,0.011150146,72609,90.7,5,32.5,36.9,1570,1123,27.4,23.5,-0.142335766,113.3,3.8,46.2477707,64.65627783,8.011824252,6,80,8.3,287,128
664,50,2,3,17,111,Illinois,"McHenry County, Illinois",3.8,10152,8,27,9,3,10,11,0,16,307004,-5.478385047,-0.006842025,0.0106839,77222,92.2,5.5,35.4,32.5,1873,1074,31.9,28.4,-0.109717868,135.1,5.3,41.22904431,71.90130354,7.606370195,104,95,8.7,201,93
1904,50,1,2,36,87,New York,"Rockland County, New York",4,11149,10,32,11,4,11,9.4,0,26,326780,-0.938799015,0.045585586,0.016206622,84855,91.3,10.3,37.1,40.3,2973,1335,31.3,29.4,-0.060702875,138.6,4.2,28.54187689,63.56179775,7.610723447,59,94,8.5,322,135
2303,50,1,2,42,41,Pennsylvania,"Cumberland County, Pennsylvania",3.8,9392,11,41,10,6,9,10.9,0,12,248506,7.030323301,0.05308077,0.010707991,61820,93,5.6,25.9,32.7,1456,886,20.5,19,-0.073170732,114.8,4.1,42.45879121,69.77426637,6.582491977,270,86,8.4,330,86
453,50,3,5,13,113,Georgia,"Fayette County, Georgia",4,8784,11,36,10,7,11,10.5,0,14,111627,6.398865427,0.043311245,0.008196942,79066,91.2,6.7,32.8,43.8,1740,1096,32.3,26.1,-0.191950464,157.3,4.7,45.44022989,72.14051095,9.001527844,120,85,8,153,80
1486,50,3,6,28,121,Mississippi,"Rankin County, Mississippi",3.4,10189,14,37,11,5,16,10.1,0,11,150228,3.472126898,0.054305565,0.012154858,58801,88.8,7,33.3,29,1219,891,23.3,24.3,0.042918455,143.8,4,48.23707957,65.99438833,5.771135196,5,74,7.2,168,83
657,50,2,3,17,97,Illinois,"Lake County, Illinois",3.8,9832,8,35,10,4,10,11.7,0,18,703047,-5.437931711,-0.001847098,0.01105616,78026,90,7.4,36.9,43.2,2117,1069,31.3,28.4,-0.092651757,137.9,5.2,36.85687293,72.98971001,7.935673306,46,97,8.7,516,154
221,50,4,9,6,61,California,"Placer County, California",3.8,7572,13,30,10,4,10,8.7,0,20,380531,11.3765949,0.086505022,0.009736395,73948,91.1,6.3,30.6,36.4,2154,1303,25.7,23.2,-0.097276265,118.2,4.4,34.33054782,56.75211051,9.766353968,18,92,8.1,286,176
1912,50,1,2,36,103,New York,"Suffolk County, New York",4,10444,6,32,10,3,11,8.6,0,23,1492583,-2.5663688,-0.001447737,0.010348503,88663,91.6,4.8,32.1,34,2734,1544,28.7,25.1,-0.12543554,144.1,4.3,32.42977323,57.4242228,8.489388145,30,94,9.2,977,130
1221,50,3,5,24,17,Maryland,"Charles County, Maryland",3.4,9033,12,45,10,3,14,9.2,0,14,157705,5.689764656,0.071744094,0.011730763,90607,94.7,6,34.2,27.4,2121,1487,25.1,22.9,-0.087649402,116,4.2,42.71900047,60.9327505,10.03065423,13,80,8.1,96,374
1920,50,1,2,36,119,New York,"Westchester County, New York",4,10316,9,31,10,3,12,10.1,0,25,974542,0.816557657,0.02519914,0.010791736,83958,90.4,6.9,32.4,46.7,3289,1364,25,24.1,-0.036,140.9,4.2,25.52690787,61.55278592,8.138730072,18,99,9,816,237
1817,50,1,2,34,25,New Jersey,"Monmouth County, New Jersey",3.8,10264,9,28,10,5,9,9.5,0,21,625846,-2.071360369,-0.007837791,0.00928663,85242,90.9,5.3,30.4,42.5,2578,1238,26.9,23.9,-0.111524164,119.9,4.4,33.0651668,68.8546042,8.304601425,518,96,8.6,527,162
665,50,2,3,17,113,Illinois,"McLean County, Illinois",3.8,8331,12,59,10,3,5,10.5,0,13,172418,-2.870563933,0.015077389,0.011350323,62211,94,6.8,28.4,44,1399,780,22,21,-0.045454545,110.4,5.1,44.46819157,79.75769231,7.467330205,97,83,7.5,207,317
271,50,4,8,8,41,Colorado,"El Paso County, Colorado",3.4,8368,15,50,10,5,13,6.7,0,16,688284,7.347066041,0.097829173,0.013975336,58206,89.1,8.4,32.5,35.9,1489,976,23.9,23.1,-0.033472803,93.9,3.8,39.09066488,59.63729508,6.955617696,24,94,7,596,380
1243,50,1,1,25,9,Massachusetts,"Essex County, Massachusetts",3.4,9285,9,31,12,2,11,9.4,0,19,779018,4.867973742,0.044694176,0.010934279,69068,96.2,8.6,29.7,37.5,2177,1076,21.8,20,-0.082568807,96.6,3.8,31.72622876,64.18959108,7.438360089,55,97,8.6,692,382
2355,50,1,1,44,9,Rhode Island,"Washington County, Rhode Island",3.8,8655,12,27,11,3,5,7.6,0,15,126288,0.384710995,-0.006287032,0.00701571,72807,94.4,5.5,24.9,44.1,1956,1050,21.4,18.2,-0.14953271,125.6,4.8,37.22239264,69.34,8.412520509,13,88,7.7,146,77
191,50,4,9,6,1,California,"Alameda County, California",3.6,8395,15,35,9,4,12,9,1,24,1647704,8.22261791,0.088561249,0.012149027,75619,89.9,8.5,31.2,43,2542,1367,22.6,23,0.017699115,126.3,4.2,29.74783635,55.31748354,9.007838186,0,100,7.7,1047,720
1736,50,2,4,31,109,Nebraska,"Lancaster County, Nebraska",3.8,8509,14,44,9,4,6,9.7,0,15,309637,6.002778619,0.081909188,0.013128276,51830,90.3,9.3,28,36.7,1305,729,21.9,19.1,-0.127853881,98.8,2.9,39.7164751,71.09739369,6.091240507,22,96,7.7,383,343
1936,50,3,5,37,25,North Carolina,"Cabarrus County, North Carolina",3.6,9666,14,44,11,5,16,10.4,0,15,201590,15.3067788,0.128843494,0.012098814,54720,87.1,9.4,36.3,27.2,1327,823,25,26.1,0.044,120.9,4.5,41.23587038,66.48845687,5.661097645,38,80,7.5,207,113
2248,50,4,9,41,5,Oregon,"Clackamas County, Oregon",3.6,7084,13,35,11,5,14,9.6,0,19,408062,10.73614978,0.082590713,0.010344016,65965,90.4,6.5,29.1,33.1,1840,1037,23.4,21.4,-0.085470085,128.6,4.4,35.85054348,63.61137898,9.311514009,30,92,8,360,96
2612,50,3,7,48,91,Texas,"Comal County, Texas",3.8,9597,14,56,10,12,12,9.6,0,14,134788,30.80800427,0.233260746,0.011848236,65833,84.7,6.5,29.5,33.4,1588,982,24.5,22.4,-0.085714286,122.8,3.6,41.45654912,67.03971487,6.85940476,7,85,7.5,128,273
3128,50,2,3,55,63,Wisconsin,"La Crosse County, Wisconsin",3.8,7765,12,32,10,3,4,9.4,0,14,118122,2.113932103,0.028184952,0.010616143,50539,93.5,6.7,25.9,30.9,1361,748,19.7,18.6,-0.055837563,92.5,3.7,37.1337252,67.56550802,6.50830424,4,90,8,159,140
228,50,4,9,6,75,California,"San Francisco County, California",3.6,7381,16,39,9,4,9,8.2,1,27,870887,9.288939837,0.080818749,0.010635134,81294,91.5,7.8,16.5,53.8,3167,1558,12.4,12.5,0.008064516,140.4,3.3,25.66908746,52.17843389,11.0142532,425,100,7.5,751,793
3156,50,2,3,55,117,Wisconsin,"Sheboygan County, Wisconsin",3.6,7761,10,28,10,5,10,9.6,1,11,115427,-1.722845072,-0.000415674,0.010621432,53713,93.1,6.8,27,23.4,1252,658,21.8,19.4,-0.110091743,104.6,3.5,42.90175719,81.63069909,6.921073757,8,86,8.7,179,158
886,50,2,4,19,163,Iowa,"Scott County, Iowa",3.4,8965,14,39,10,2,10,10.8,0,13,172474,2.165909755,0.040585953,0.012923687,55114,92,8.4,28.3,32.1,1237,715,19.3,18.8,-0.025906736,106,4.6,44.5545675,77.08251748,6.147946037,7,88,7.8,185,469
2660,50,3,7,48,187,Texas,"Guadalupe County, Texas",3.4,10051,13,33,10,11,11,9.7,0,12,155265,20.19317133,0.171245587,0.011895791,62420,85,7.6,34.8,26.1,1441,898,28.8,25.6,-0.111111111,115.4,3.6,43.31714087,69.51002227,6.21011108,13,83,7.4,87,188
2736,50,3,7,48,339,Texas,"Montgomery County, Texas",3.8,11786,15,44,10,10,15,11.4,0,16,556203,24.21220246,0.210929659,0.013252356,68838,83.3,9.4,35.8,32.2,1610,1030,27.8,26.7,-0.039568345,130.1,4.9,42.75652174,66.83300971,5.840509744,8,89,7.2,306,171
220,50,4,9,6,59,California,"Orange County, California",3.8,9993,11,29,10,6,10,10.9,1,28,3172532,2.210954158,0.051326414,0.012114299,76509,85.6,9.1,32.9,37.7,2539,1548,26.5,24.9,-0.060377358,121,4,30.13351713,49.4244186,7.65653521,446,99,8.6,1853,204
2292,50,1,2,42,19,Pennsylvania,"Butler County, Pennsylvania",3.6,9640,10,38,10,4,8,11.8,0,12,186847,2.766115387,0.014844064,0.009510455,60934,94,6.1,27.4,32.3,1409,752,23.6,21.2,-0.101694915,121.9,5.1,43.24627395,81.02925532,6.321046156,119,79,8.4,245,100
1823,50,1,2,34,37,New Jersey,"Sussex County, New Jersey",3.6,9600,8,33,10,4,9,8.6,0,18,142522,-7.56284015,-0.042396796,0.008672345,86565,92,3.8,30.3,33.8,2266,1205,29,24.2,-0.165517241,116.7,4.7,38.20167696,71.83817427,9.016802407,373,93,8.9,134,50
707,50,2,3,17,197,Illinois,"Will County, Illinois",3.8,10932,9,36,10,4,11,12.3,1,17,689529,-3.075662947,0.015635265,0.011354127,76101,92,6.1,38.5,33,1877,1039,33.5,29.9,-0.107462687,128,6.1,40.54395312,73.24446583,6.961592821,59,94,8.5,449,168
1895,50,1,2,36,69,New York,"Ontario County, New York",3.8,7262,10,35,11,3,8,9.3,0,13,109828,2.292856414,0.014877377,0.009860873,57416,93.2,6.5,26.6,31.7,1323,809,21.3,17.4,-0.183098592,95.5,4.3,43.39833711,70.97156984,7.905850213,284,83,8.5,109,132
2553,50,3,6,47,165,Tennessee,"Sumner County, Tennessee",3.6,10713,12,41,13,5,10,10.4,1,13,180063,14.16074785,0.116676693,0.011856961,57382,89.5,7.1,32.6,24.6,1344,885,24.5,22.8,-0.069387755,126.6,3.9,42.69494048,64.83841808,5.356416087,20,74,7.8,154,259
1991,50,3,5,37,135,North Carolina,"Orange County, North Carolina",4,7183,15,42,11,6,4,9.4,1,19,141796,6.145253434,0.058384463,0.008498124,59290,90.5,7.5,28.1,56.6,1744,935,21.5,21.1,-0.018604651,128.6,4.3,33.99655963,63.41176471,8.254498625,5,85,6.7,157,150
3101,50,2,3,55,9,Wisconsin,"Brown County, Wisconsin",3.6,8643,11,50,10,4,10,8.8,0,14,260401,1.714557383,0.047828099,0.012845573,53527,91.8,8.6,30.4,27.9,1334,712,22.5,20.8,-0.075555556,100.7,3.7,40.12518741,75.17837079,6.193383712,2,89,8,220,259
1294,50,2,3,26,81,Michigan,"Kent County, Michigan",3.6,9023,13,48,11,4,12,10.7,0,15,642173,3.556080192,0.064944089,0.013993114,53063,90.6,10.4,30.7,33.3,1235,767,23,20.9,-0.091304348,106.8,3.4,42.9659919,69.18252934,5.880736192,1,92,7.8,766,378
1807,50,1,2,34,5,New Jersey,"Burlington County, New Jersey",3.6,9799,11,35,10,3,12,10.5,0,16,449284,-1.145892274,0.000102396,0.009853456,78621,93.2,4.4,29.6,35.7,2056,1207,24.9,22,-0.116465863,103.5,4.4,38.23978599,65.13753107,8.023599001,529,85,8.3,381,159
3003,50,4,9,53,5,Washington,"Benton County, Washington",3,8672,12,45,11,4,14,7.8,1,13,193686,8.183918357,0.097290285,0.013981393,60251,87.5,10.6,31.3,29.4,1342,834,23.8,21.6,-0.092436975,97.8,6.5,44.89642325,72.24340528,6.947418428,88,82,7.9,167,214
1410,50,2,4,27,145,Minnesota,"Stearns County, Minnesota",3.2,7851,11,45,9,4,5,10.1,1,14,155652,-0.862707479,0.032524262,0.012521522,56336,93.9,7,29.4,25.9,1337,742,22.8,20.9,-0.083333333,87.1,3.8,42.13612565,75.9245283,7.175820075,34,72,8.2,244,188
1800,50,1,1,33,13,New Hampshire,"Merrimack County, New Hampshire",3.2,8469,10,35,11,4,11,8.8,0,15,148582,1.842109889,0.014675654,0.009072431,65983,91.4,6.1,27,34.4,1840,939,21.4,19.3,-0.098130841,97.4,2.5,35.86032609,70.26943557,7.791019363,249,84,8.3,216,157
1709,50,2,4,31,55,Nebraska,"Douglas County, Nebraska",3.6,8752,14,55,9,5,9,10.9,0,16,554995,3.011513699,0.070024582,0.015603744,54659,88.7,10.5,30.6,37.1,1394,812,21.1,20.4,-0.033175355,106.1,3.5,39.21018651,67.31403941,6.24565076,1,98,7.6,567,485
1812,50,1,2,34,15,New Jersey,"Gloucester County, New Jersey",3.4,10285,11,36,10,4,11,10.3,0,16,292330,-0.119279178,0.011560994,0.010594191,76727,92.5,5.5,32,29.3,1993,1072,26,24,-0.076923077,106.1,5.1,38.49824385,71.57369403,7.460363144,356,89,7.8,233,131
653,50,2,3,17,89,Illinois,"Kane County, Illinois",3.6,10213,7,38,10,4,12,11.7,0,19,531715,-2.473726241,0.03039552,0.012743669,70696,88,8.4,37.6,31.6,1859,1011,30.7,28.8,-0.061889251,118.3,5.5,38.02904788,69.92680514,6.922354595,47,95,9.1,379,160
1815,50,1,2,34,21,New Jersey,"Mercer County, New Jersey",3.8,10367,12,50,11,5,10,8.9,1,19,371023,-2.078637142,0.008222893,0.011301186,72804,89.6,8,30.6,39.6,2261,1132,22.3,22.3,0,99.8,4.3,32.19991154,64.31448763,7.022729048,795,97,8.1,414,402
698,50,2,3,17,179,Illinois,"Tazewell County, Illinois",3.4,9046,11,36,10,2,12,11,0,10,134385,-2.87545403,-0.008067731,0.011429847,58194,93,5.9,27.9,25,1167,682,21.6,20.2,-0.064814815,96.9,6.3,49.86632391,85.32844575,6.433190727,13,85,7.8,186,230
2839,50,4,8,49,35,Utah,"Salt Lake County, Utah",3,8874,13,48,10,10,12,9.6,0,18,1121354,2.840680753,0.085350745,0.015825511,62117,85.5,9.2,35.7,32.1,1504,936,28.6,27.2,-0.048951049,104.1,3.2,41.30119681,66.36431624,7.000116073,9,95,7.8,484,350
3133,50,2,3,55,73,Wisconsin,"Marathon County, Wisconsin",3.6,7785,11,37,10,5,9,8.9,0,12,135603,-1.740719397,0.011464503,0.011666409,54083,92.5,7.2,28.4,23.7,1255,697,23.2,20.5,-0.11637931,101.3,3.7,43.0940239,77.59397418,6.947452528,30,74,8.2,183,105
317,50,1,1,9,5,Connecticut,"Litchfield County, Connecticut",3.4,8900,11,31,10,4,10,7.3,0,16,182571,-4.347099835,-0.037940465,0.007794228,72061,93.4,4,25.7,33.6,1889,955,22.8,19.9,-0.127192982,99.3,4.6,38.14769719,75.4565445,8.096623308,122,90,8.6,192,110
1252,50,1,1,25,27,Massachusetts,"Worcester County, Massachusetts",3.4,9390,10,42,12,2,11,9,0,17,819589,1.863767145,0.024127805,0.010528448,65313,96.8,8.4,29.9,34.4,1864,934,23.5,20.6,-0.123404255,92.9,3.9,35.03916309,69.92826552,6.955746614,5,91,8.3,734,435
430,50,3,5,13,67,Georgia,"Cobb County, Georgia",4,9306,14,46,10,8,12,10.2,1,17,748150,5.950044972,0.08475171,0.012982691,65873,83.4,9.4,33.1,44.1,1560,1006,24.7,22.9,-0.072874494,136.8,4.6,42.22628205,65.48011928,7.078741638,26,89,7.2,535,267
2757,50,3,7,48,381,Texas,"Randall County, Texas",3.8,10022,15,52,10,11,8,7.6,1,13,132501,9.405663398,0.093305719,0.013003675,60972,87,7,29.7,30.4,1348,832,22.9,20.9,-0.087336245,111.5,3,45.23145401,73.28365385,6.083700269,1,88,7.2,108,516
227,50,4,9,6,73,California,"San Diego County, California",3.8,8630,13,37,10,7,12,11.6,0,26,3317749,3.715944227,0.068743304,0.013458523,64309,85.9,10.6,30.6,35.7,2325,1344,23.1,22,-0.047619048,104,4.7,27.65978495,47.84895833,7.452184645,1344,96,7.9,1872,349
1199,50,1,1,23,5,Maine,"Cumberland County, Maine",3.8,8327,14,38,10,6,10,8.6,0,17,292041,5.069131313,0.037504796,0.009861629,60051,91.7,7.6,26,43,1663,971,19.7,17.8,-0.096446701,122.9,2.9,36.11004209,61.84449022,7.211219775,36,84,7.5,368,131
2909,50,3,5,51,87,Virginia,"Henrico County, Virginia",3.6,8996,13,53,10,6,13,8.8,1,15,326501,5.258082963,0.061332822,0.012355245,61934,89.3,8.1,29.4,40.7,1533,1035,21.3,19.3,-0.093896714,98.9,3.8,40.40052185,59.83961353,6.884309279,31,94,7.8,368,174
232,50,4,9,6,83,California,"Santa Barbara County, California",3,7593,12,33,11,7,9,8,0,30,446170,2.025277588,0.051305856,0.013091423,63985,84.2,10,30.2,32.2,2231,1369,22.3,21,-0.058295964,97.8,5,28.67996414,46.73849525,8.426829413,1950,96,8.2,351,333
2793,50,3,7,48,453,Texas,"Travis County, Texas",3.8,10041,17,42,10,11,10,10,0,22,1199323,15.23966951,0.163748376,0.013829469,61451,82.7,11.2,28.2,46,1749,1054,20.2,19.8,-0.01980198,117.2,3.1,35.13493425,58.30265655,6.120251778,2,97,6.6,1087,346
316,50,1,1,9,3,Connecticut,"Hartford County, Connecticut",3.6,8912,13,40,11,3,12,7.7,0,18,892389,-2.046707431,-0.003349386,0.010476373,66395,93.1,8.9,28.9,36.3,1907,992,20.2,18.6,-0.079207921,97.1,5.3,34.81646565,66.93044355,7.449758033,119,96,7.7,922,293
199,50,4,9,6,17,California,"El Dorado County, California",3.6,7923,13,25,10,5,11,8.1,1,21,185625,3.253508759,0.024686315,0.00882963,69584,91.1,6.8,26.7,32.1,2165,1054,23.2,20.9,-0.099137931,117.2,5.1,32.1404157,66.01897533,8.782975286,643,94,7.7,113,228
1442,50,3,6,28,33,Mississippi,"DeSoto County, Mississippi",3.4,10483,15,43,11,6,13,10.1,1,13,175611,8.522270849,0.085472516,0.012020887,58278,87,7,35.5,22.4,1240,958,26.8,24.5,-0.085820896,149.2,4.2,46.9983871,60.83298539,5.559392529,41,75,7.1,148,187
2586,50,3,7,48,39,Texas,"Brazoria County, Texas",3.6,11083,15,44,9,10,16,11.2,0,14,354195,11.75212927,0.126209054,0.013924533,69749,83.6,8.3,36.8,28.6,1622,904,28.5,27,-0.052631579,128,5.2,43.00184957,77.15597345,6.293309417,177,77,7.1,235,175
2996,50,3,5,51,810,Virginia,"Virginia Beach city, Virginia",3.8,9605,11,50,10,6,10,8.3,,17,452602,-2.000356569,0.031019283,0.013406923,66634,90,6.6,32.2,33.8,1769,1236,23.2,21.6,-0.068965517,101.2,3.9,37.66760882,53.91100324,6.937760684,22,90,8.3,326,160
775,50,2,3,18,127,Indiana,"Porter County, Indiana",3.6,10870,12,42,11,6,13,11.4,1,13,167791,1.191484734,0.019646568,0.010507119,63926,90.1,9,31.7,26.4,1327,862,22.8,22.8,0,130.8,5.1,48.17332329,74.16009281,5.881162359,8,83,7.6,157,102
2101,50,2,3,39,45,Ohio,"Fairfield County, Ohio",3.4,10460,13,38,11,4,12,11.7,0,14,152597,3.810835788,0.04227228,0.010439262,60567,92.7,7.3,33.2,26,1411,799,26.1,23.6,-0.095785441,120.3,4.2,42.92487597,75.80350438,5.79061543,11,82,7.5,154,167
1983,50,3,5,37,119,North Carolina,"Mecklenburg County, North Carolina",3.4,8675,17,51,11,5,13,10.7,1,18,1054835,13.29922172,0.142429651,0.014027786,56854,84.9,11.6,30.8,42.3,1422,938,21,19.9,-0.052380952,119.1,4.7,39.98171589,60.6119403,6.553533472,11,89,6.7,919,546
177,50,3,7,5,125,Arkansas,"Saline County, Arkansas",3.8,9509,14,63,11,4,16,11.1,0,10,118703,13.11557952,0.102501231,0.011372922,55817,89.3,5.9,29.1,23,1136,808,22.3,20.1,-0.098654709,135.4,3.2,49.1346831,69.08044554,5.869641115,3,74,7.4,93,324
2951,50,3,5,51,177,Virginia,"Spotsylvania County, Virginia",3.4,10005,9,51,10,7,16,8.9,1,13,132010,5.327661237,0.071735918,0.012143019,78125,88.8,6,35.4,29.3,1713,1346,30.5,26.2,-0.140983607,115,4.1,45.60712201,58.0423477,7.808244507,42,75,8.5,95,192
386,50,3,5,12,113,Florida,"Santa Rosa County, Florida",3.4,10580,14,41,11,8,15,9,1,14,170497,14.3722776,0.11470919,0.011044183,58923,86.9,8.5,31.2,26.6,1380,1031,23.4,23.3,-0.004273504,120,4.5,42.69782609,57.15130941,5.569439587,304,80,6.9,127,144
2107,50,2,3,39,57,Ohio,"Greene County, Ohio",3.6,10043,15,43,11,5,6,11.3,0,14,164765,0.733665594,0.01950969,0.010827542,60113,93.1,9,27.1,37.1,1416,848,20.6,19.4,-0.058252427,119.9,4.3,42.45268362,70.8879717,5.985448846,19,77,7.3,168,115
1183,50,3,7,22,103,Louisiana,"St. Tammany Parish, Louisiana",3.8,12241,10,44,12,6,14,9.1,0,14,253602,9.795642035,0.081144913,0.011876878,62137,87.7,8.8,31.1,30.6,1495,984,24.8,21.7,-0.125,138.6,5,41.5632107,63.14735772,5.076203921,48,82,8.2,203,168
3167,50,2,3,55,139,Wisconsin,"Winnebago County, Wisconsin",3.6,8570,12,49,10,3,8,9.7,0,14,169886,0.110973168,0.016909991,0.010789588,52018,93.4,6.7,25.4,26.6,1266,678,19.8,17.6,-0.111111111,94.8,3.7,41.08846761,76.72271386,6.06984204,131,84,7.6,188,174
2352,50,1,1,44,3,Rhode Island,"Kent County, Rhode Island",3,9336,12,33,12,3,11,7.6,0,18,164614,-0.414874774,-0.008582321,0.009513164,64383,93.7,5.3,25.2,30.9,1786,975,20.3,18,-0.113300493,114.1,4.8,36.04871221,66.03384615,6.895875841,67,92,7.8,158,120
2181,50,3,7,40,27,Oklahoma,"Cleveland County, Oklahoma",3.8,10044,15,51,12,7,8,10,0,14,278655,8.756597148,0.084585654,0.01111769,56452,88.3,8.1,29.8,31,1281,831,23.1,20.7,-0.103896104,122.3,3.9,44.06869633,67.93261131,5.620201344,1,86,7.3,227,327
2296,50,1,2,42,27,Pennsylvania,"Centre County, Pennsylvania",4,9838,14,34,11,6,4,9.9,0,20,161464,5.594070804,0.046401908,0.008268097,52186,93.4,6.5,22.5,41.4,1453,900,18.3,17.4,-0.049180328,98.9,4.2,35.91603579,57.98444444,5.304587361,441,88,7.7,193,91
3006,50,4,9,53,11,Washington,"Clark County, Washington",3.2,7959,14,36,11,5,16,8.6,1,17,467018,9.403635726,0.094193034,0.012200815,60756,89,7.9,32,27.2,1625,990,24.9,22.6,-0.092369478,100.3,6.3,37.38830769,61.36969697,7.63385251,4,96,7.6,319,208
2345,50,1,2,42,125,Pennsylvania,"Washington County, Pennsylvania",3.4,11193,12,35,11,4,11,10.7,0,11,207981,2.767221074,0.00038961,0.009621071,56450,93.4,7.2,24.5,27.4,1246,675,19.2,17.8,-0.072916667,103.5,6.2,45.30497592,83.62962963,5.043447806,26,84,7.9,310,184
266,50,4,8,8,31,Colorado,"Denver County, Colorado",3.2,8698,15,57,11,6,13,8.6,1,20,693060,14.85782982,0.148726483,0.014547081,53637,85.5,12.8,23.3,45,1569,962,14.6,15.1,0.034246575,90.5,3.1,34.18546845,55.75571726,6.166831079,0,100,7.2,711,617
927,50,2,4,20,45,Kansas,"Douglas County, Kansas",3.8,8290,17,41,10,5,3,9.8,1,21,119440,6.753973447,0.073666232,0.010247823,50939,89.5,8.1,24.1,49.1,1412,859,17.7,17.4,-0.016949153,97.5,3.6,36.07577904,59.30034924,6.144409732,1,91,7,126,313
1216,50,3,5,24,5,Maryland,"Baltimore County, Maryland",3.4,9506,13,49,10,3,11,11.1,0,16,831026,2.905005107,0.030741428,0.011967135,67095,91.9,6.3,27.5,36.6,1724,1163,18.9,17.9,-0.052910053,90.1,4.5,38.91821346,57.69131556,7.057921345,50,96,8,680,504
1874,50,1,2,36,27,New York,"Dutchess County, New York",3.6,9763,10,37,11,3,11,8.6,0,20,294473,-2.642423149,-0.011029128,0.009050066,71904,92.3,6,28.7,33.4,2237,1130,24.4,21.2,-0.131147541,117.3,4.2,32.14304873,63.63185841,7.364873862,741,80,8.3,225,213
1894,50,1,2,36,67,New York,"Onondaga County, New York",3.4,8233,13,47,12,3,10,8.8,1,15,466194,-2.642254862,-0.002840508,0.011184185,55092,93.3,10.5,27,34.1,1350,787,18.7,17,-0.090909091,93.9,4.5,40.80888889,70.0025413,6.691550054,93,90,7.6,492,341
2966,50,3,5,51,550,Virginia,"Chesapeake city, Virginia",3.8,9304,12,52,10,5,12,8.8,,17,237940,5.026284517,0.064041964,0.012662856,68620,91.3,8.1,33.6,29.6,1776,1176,25.8,22.9,-0.112403101,101.6,4.3,38.63738739,58.35034014,7.375695032,26,88,8,235,374
1044,50,3,6,21,67,Kentucky,"Fayette County, Kentucky",3.4,9083,17,55,12,5,9,10.5,0,17,318449,5.800099909,0.073241506,0.012896885,49778,88.8,12.1,26.5,41.2,1277,778,17.8,17,-0.04494382,115,3.5,38.98042287,63.98200514,5.480281534,7,97,6.9,363,360
2165,50,2,3,39,173,Ohio,"Wood County, Ohio",3.6,9868,14,47,11,5,4,11.4,0,15,130219,2.69045529,0.033984707,0.010658967,53577,93.5,7.7,26.6,31.1,1337,727,20.3,19,-0.064039409,112.3,4.1,40.07255049,73.696011,5.429472193,6,71,7.5,156,85
2636,50,3,7,48,139,Texas,"Ellis County, Texas",3.8,10995,16,46,10,12,13,10.2,0,14,168499,12.94839961,0.120599874,0.012949632,62465,81.9,9.4,36.8,21.2,1460,907,29.1,27.3,-0.06185567,120,3.8,42.78424658,68.86990077,5.681177399,384,77,7,160,129
1825,50,1,2,34,41,New Jersey,"Warren County, New Jersey",3.4,10137,10,42,10,5,11,9,0,17,106617,-3.710161872,-0.018774676,0.009229297,70471,91.1,5.8,29.3,29.9,2174,1013,24.9,22.2,-0.108433735,99.1,4.6,32.41536339,69.56663376,6.951660651,700,91,8.3,100,75
1604,50,2,4,29,189,Missouri,"St. Louis County, Missouri",3.8,9610,16,54,11,6,11,12.3,1,15,998581,-1.877046499,-0.000252294,0.011607471,59755,91.1,7.9,27.6,41.6,1435,882,19.7,18,-0.086294416,122.6,4.2,41.64111498,67.74943311,6.218079726,15,97,7,969,298
2091,50,2,3,39,25,Ohio,"Clermont County, Ohio",3.4,10382,12,46,11,5,14,11.7,0,11,203022,0.823158579,0.026878022,0.011254938,60805,91.2,7.5,30.5,27.1,1381,764,24.8,21.9,-0.116935484,121.8,4.4,44.02968863,79.58769634,5.857036487,31,78,7.4,146,96
1518,50,2,4,29,19,Missouri,"Boone County, Missouri",3.4,8440,17,50,13,7,6,10,1,18,176594,6.502121118,0.082064448,0.011999275,49899,91.8,9,27.1,47.3,1264,795,20,19.4,-0.03,101.3,3.2,39.47705696,62.76603774,5.912161762,60,76,6.2,204,350
45,50,3,6,1,89,Alabama,"Madison County, Alabama",4,9793,16,65,12,4,12,11.6,1,12,356967,5.946873853,0.06193087,0.011903061,57993,88.1,10,27.9,39.4,1219,765,20.5,19.4,-0.053658537,131.9,5.2,47.57424118,75.80784314,5.921701571,7,82,6.9,386,584
2121,50,2,3,39,85,Ohio,"Lake County, Ohio",3.4,10426,12,31,11,5,8,10.7,1,13,228614,-0.278294895,-0.006095228,0.009544472,58029,92.1,6,25.5,26.3,1313,814,20.4,17.6,-0.137254902,119,4.8,44.19573496,71.28869779,5.565941186,32,89,7.6,205,174
2123,50,2,3,39,89,Ohio,"Licking County, Ohio",3.2,9155,13,53,12,5,10,11.7,1,13,172198,2.625200141,0.032758373,0.012148805,56549,90.9,9.2,29.8,22.8,1336,760,21.9,20.8,-0.050228311,115.7,4.3,42.32709581,74.40657895,6.176519418,26,77,7.8,180,239
2379,50,3,5,45,45,South Carolina,"Greenville County, South Carolina",3.8,9044,13,50,12,7,14,10.2,1,14,498766,10.97860799,0.10150772,0.012913871,50540,85.4,11.8,29.7,32.1,1205,771,20.3,20.6,0.014778325,110,4.1,41.94190871,65.55123217,5.588488642,71,82,7.2,611,590
218,50,4,9,6,55,California,"Napa County, California",3.6,7925,11,26,10,7,12,7.5,0,24,142166,4.193274321,0.039126399,0.010431467,71379,88.3,6.9,30.2,32.4,2323,1405,23.1,22.1,-0.043290043,112.7,4.3,30.72707706,50.80355872,9.006325209,77,94,8.5,109,341
507,50,3,5,13,223,Georgia,"Paulding County, Georgia",3.2,9955,12,40,11,7,19,9.9,1,15,155825,7.228720383,0.091440779,0.011358896,60109,86.5,10.5,41,23.8,1260,1018,33.1,30.8,-0.069486405,122.3,4.6,47.70555556,59.04616896,6.038101648,7,75,7.8,70,147
2580,50,3,7,48,27,Texas,"Bell County, Texas",3.4,10022,21,73,11,8,15,9.3,0,15,340411,0.583805817,0.087627203,0.018530541,50550,85.8,12.1,37,23.1,1252,861,24.2,24.5,0.012396694,87.8,4.4,40.37539936,58.71080139,5.043878248,1340,86,5.2,269,389
435,50,3,5,13,77,Georgia,"Coweta County, Georgia",3.8,9135,13,42,11,7,16,10.4,0,15,140526,9.927057491,0.098700568,0.011955083,62461,88.2,11,35.1,27.6,1371,933,27.8,25.8,-0.071942446,131.3,5,45.55871627,66.94640943,6.837218569,1,61,7.6,108,187
339,50,3,5,12,19,Florida,"Clay County, Florida",3.8,11667,14,45,11,7,15,7.9,1,15,208311,11.16377748,0.088149564,0.010383513,58290,87.3,7.7,32.9,23.8,1369,1014,25.7,23.3,-0.093385214,119.9,4.5,42.57852447,57.4852071,4.99598881,239,88,7.5,148,338
1915,50,1,2,36,109,New York,"Tompkins County, New York",3.8,6796,14,25,11,4,4,8.7,0,20,104871,2.970730381,0.030430169,0.008143338,52624,94.4,9.5,21.8,50.8,1477,988,16.5,14.5,-0.121212121,91.8,4.1,35.62897766,53.26315789,7.743811455,125,78,7.5,110,123
1896,50,1,2,36,71,New York,"Orange County, New York",3.8,10837,9,35,11,3,12,8.5,0,23,379210,-3.221194129,0.015331313,0.012950608,70848,92.1,9.3,34,29.2,2274,1155,28.3,25.5,-0.098939929,117,4.3,31.15567282,61.34025974,6.537614723,4,84,8.5,274,254
1802,50,1,1,33,17,New Hampshire,"Strafford County, New Hampshire",3,8206,11,34,11,5,9,8.5,0,18,127428,3.343433832,0.034209053,0.009511253,60711,89.3,7.1,27.4,34.1,1823,959,21.2,18.4,-0.132075472,87,2.5,33.30279759,63.30656934,7.398195752,30,88,8.1,108,233